x,y,radius,num_samples
-10.241214289285713,27.797249957142853,4.891416186255547,242
